{
  "packages": [
    {
      "name": "nRF5_ATCwatch",
      "maintainer": "mhv75",
      "websiteURL": "https://github.com/mhv75/arduino-nRF5_ATCwatch",
      "email": "Arduino.nrf5.ATCwatch@gmail.com",
      "help": {
        "online": "https://github.com/mhv75/arduino-nRF5_ATCwatch/issues"
      },
      "platforms": [
       
        {
          "name": "Nordic Semiconductor nRF5 Boards ATCwatch",
          "architecture": "nRF5",
          "version": "0.1.0",
          "category": "Contributed",
          "help": {
            "online": "https://github.com/mhv75/arduino-nRF5_ATCwatch/issues"
          },
          "url": "https://github.com/mhv75/arduino-nRF5_ATCwatch/archive/0.1.0.zip",
          "archiveFileName": "arduino-nRF5_ATCwatch-0.1.0.zip",
          "checksum": "MD5:e3ebc3e6e6c04a0f7e001b28a8ed510a",
          "size": "600725",
          "boards": [
            {"name": "DSD6"},
            {"name": "P8watch"},
            {"name": "P22watch"},
            {"name": "nrf51bare"},
            {"name": "Generic nRF51822"},
            {"name": "Generic nRF52823"},
            {"name": "nRF51 Dongle"},
            {"name": "nRF51822 Development Kit"},
            {"name": "nRF52 DK"},
            {"name": "Nordic Beacon Kit"},
            {"name": "TinyBLE"},
            {"name": "ATCwatch_Pinout"}
            {"name": "DSD6"}
          ],
          "toolsDependencies": [
            {
              "packager": "sandeepmistry",
              "name": "gcc-arm-none-eabi",
              "version": "5_2-2015q4"
            },
            {
              "packager": "sandeepmistry",
              "name": "openocd",
              "version": "0.10.0-dev.nrf5"
            }
          ]
        },
      ],
      "tools":[
        {
          "name": "gcc-arm-none-eabi",
          "version": "5_2-2015q4",
          "systems": [
            {
              "host": "i386-apple-darwin11",
              "url": "https://github.com/sandeepmistry/arduino-nRF5/releases/download/tools/gcc-arm-none-eabi-5_2-2015q4-20151219-mac.tar.bz2",
              "archiveFileName": "gcc-arm-none-eabi-5_2-2015q4-20151219-mac.tar.bz2",
              "size": "96372129",
              "checksum": "MD5:603bcce8e59683ac27054b3197a53254"
            },
            {
              "host": "i686-linux-gnu",
              "url": "https://github.com/sandeepmistry/arduino-nRF5/releases/download/tools/gcc-arm-none-eabi-5_2-2015q4-20151219-linux.tar.bz2",
              "archiveFileName": "gcc-arm-none-eabi-5_2-2015q4-20151219-linux.tar.bz2",
              "size": "92811866",
              "checksum": "MD5:f88caac80b4444a17344f57ccb760b90"
            },
            {
              "host": "x86_64-pc-linux-gnu",
              "url": "https://github.com/sandeepmistry/arduino-nRF5/releases/download/tools/gcc-arm-none-eabi-5_2-2015q4-20151219-linux.tar.bz2",
              "archiveFileName": "gcc-arm-none-eabi-5_2-2015q4-20151219-linux.tar.bz2",
              "size": "92811866",
              "checksum": "MD5:f88caac80b4444a17344f57ccb760b90"
            },
            {
              "host": "i686-mingw32",
              "url": "https://github.com/sandeepmistry/arduino-nRF5/releases/download/tools/gcc-arm-none-eabi-5_2-2015q4-20151219-win32.tar.bz2",
              "archiveFileName": "gcc-arm-none-eabi-5_2-2015q4-20151219-win32.tar.bz2",
              "size": "102981732",
              "checksum": "MD5:32d950225b6c7c886f6225c1fc578934"
            }
          ]
        },
        {
          "name": "openocd",
          "version": "0.10.0-dev.nrf5",
          "systems": [
            {
              "host": "i386-apple-darwin11",
              "url": "https://github.com/sandeepmistry/arduino-nRF5/releases/download/tools/openocd-osx-0.10.0-dev-nrf5.tar.gz",
              "archiveFileName": "openocd-osx-0.10.0-dev-nrf5.tar.gz",
              "size": "1345243",
              "checksum": "MD5:3ffaa4e7cd4b96770eec65002c5959e3"
            },
            {
              "host": "i686-linux-gnu",
              "url": "https://github.com/sandeepmistry/arduino-nRF5/releases/download/tools/openocd-linux32-0.10.0-dev-nrf5.tar.gz",
              "archiveFileName": "openocd-linux32-0.10.0-dev-nrf5.tar.gz",
              "size": "3585042",
              "checksum": "MD5:02b3f4a3004cae86631bf13837c84504"
            },
            {
              "host": "x86_64-pc-linux-gnu",
              "url": "https://github.com/sandeepmistry/arduino-nRF5/releases/download/tools/openocd-linux32-0.10.0-dev-nrf5.tar.gz",
              "archiveFileName": "openocd-linux32-0.10.0-dev-nrf5.tar.gz",
              "size": "3585042",
              "checksum": "MD5:02b3f4a3004cae86631bf13837c84504"
            },
            {
              "host": "i686-mingw32",
              "url": "https://github.com/sandeepmistry/arduino-nRF5/releases/download/tools/openocd-win32-0.10.0-dev-nrf5.tar.gz",
              "archiveFileName": "openocd-win32-0.10.0-dev-nrf5.tar.gz",
              "size": "5498373",
              "checksum": "MD5:3acd3b08afda2bb09e75a0de5ac7c3cd"
            }
          ]
        }
      ]
    }
  ]
}
